Price,Close,High,Low,Open,Volume
Ticker,GB00B5N99561,GB00B5N99561,GB00B5N99561,GB00B5N99561,GB00B5N99561
Date,,,,,
2025-12-15,1.974668025970459,1.974668025970459,1.974668025970459,1.974668025970459,0
2025-12-16,1.9505009651184082,1.9505009651184082,1.9505009651184082,1.9505009651184082,0
2025-12-17,1.9689234495162964,1.9689234495162964,1.9689234495162964,1.9689234495162964,0
2025-12-18,1.9536703824996948,1.9536703824996948,1.9536703824996948,1.9536703824996948,0
2025-12-19,1.9694186449050903,1.9694186449050903,1.9694186449050903,1.9694186449050903,0
2025-12-22,1.9797194004058838,1.9797194004058838,1.9797194004058838,1.9797194004058838,0
2025-12-23,1.9842755794525146,1.9842755794525146,1.9842755794525146,1.9842755794525146,0
2025-12-24,1.9857611656188965,1.9857611656188965,1.9857611656188965,1.9857611656188965,0
2025-12-29,1.996656060218811,1.996656060218811,1.996656060218811,1.996656060218811,0
2025-12-30,1.9926942586898804,1.9926942586898804,1.9926942586898804,1.9926942586898804,0
2025-12-31,1.9897228479385376,1.9897228479385376,1.9897228479385376,1.9897228479385376,0
2026-01-02,2.0161681175231934,2.0161681175231934,2.0161681175231934,2.0161681175231934,0
2026-01-05,2.044296979904175,2.044296979904175,2.044296979904175,2.044296979904175,0
2026-01-06,2.0555882453918457,2.0555882453918457,2.0555882453918457,2.0555882453918457,0
2026-01-07,2.068166971206665,2.068166971206665,2.068166971206665,2.068166971206665,0
2026-01-08,2.076486587524414,2.076486587524414,2.076486587524414,2.076486587524414,0
2026-01-09,2.0912444591522217,2.0912444591522217,2.0912444591522217,2.0912444591522217,0
2026-01-12,2.0859951972961426,2.0859951972961426,2.0859951972961426,2.0859951972961426,0
2026-01-13,2.104912757873535,2.104912757873535,2.104912757873535,2.104912757873535,0
2026-01-14,2.1097660064697266,2.1097660064697266,2.1097660064697266,2.1097660064697266,0
2026-01-15,2.133338689804077,2.133338689804077,2.133338689804077,2.133338689804077,0
2026-01-16,2.1444320678710938,2.1444320678710938,2.1444320678710938,2.1444320678710938,0
2026-01-20,2.1242265701293945,2.1242265701293945,2.1242265701293945,2.1242265701293945,0
2026-01-21,2.1442339420318604,2.1442339420318604,2.1442339420318604,2.1442339420318604,0
2026-01-22,2.1743435859680176,2.1743435859680176,2.1743435859680176,2.1743435859680176,0
2026-01-23,2.162260055541992,2.162260055541992,2.162260055541992,2.162260055541992,0
2026-01-26,2.147304058074951,2.147304058074951,2.147304058074951,2.147304058074951,0
2026-01-27,2.164340019226074,2.164340019226074,2.164340019226074,2.164340019226074,0
2026-01-28,2.1927661895751953,2.1927661895751953,2.1927661895751953,2.1927661895751953,0
2026-01-29,2.2010858058929443,2.2010858058929443,2.2010858058929443,2.2010858058929443,0
2026-01-30,2.1774139404296875,2.1774139404296875,2.1774139404296875,2.1774139404296875,0
2026-02-02,2.138700008392334,2.138700008392334,2.138700008392334,2.138700008392334,0
2026-02-03,2.209700107574463,2.209700107574463,2.209700107574463,2.209700107574463,0
2026-02-04,2.2297000885009766,2.2297000885009766,2.2297000885009766,2.2297000885009766,0
2026-02-05,2.206399917602539,2.206399917602539,2.206399917602539,2.206399917602539,0
2026-02-06,2.189500093460083,2.189500093460083,2.189500093460083,2.189500093460083,0
2026-02-09,2.2265000343322754,2.2265000343322754,2.2265000343322754,2.2265000343322754,0
2026-02-10,2.249500036239624,2.249500036239624,2.249500036239624,2.249500036239624,0
2026-02-11,2.2428998947143555,2.2428998947143555,2.2428998947143555,2.2428998947143555,0
2026-02-12,2.27839994430542,2.27839994430542,2.27839994430542,2.27839994430542,0
2026-02-13,2.2320001125335693,2.2320001125335693,2.2320001125335693,2.2320001125335693,0
2026-02-17,2.241499900817871,2.241499900817871,2.241499900817871,2.241499900817871,0
2026-02-18,2.267400026321411,2.267400026321411,2.267400026321411,2.267400026321411,0
2026-02-19,2.2892000675201416,2.2892000675201416,2.2892000675201416,2.2892000675201416,0
2026-02-20,2.29830002784729,2.29830002784729,2.29830002784729,2.29830002784729,0
2026-02-23,2.323499917984009,2.323499917984009,2.323499917984009,2.323499917984009,0
2026-02-24,2.312000036239624,2.312000036239624,2.312000036239624,2.312000036239624,0
2026-02-25,2.3345999717712402,2.3345999717712402,2.3345999717712402,2.3345999717712402,0
2026-02-26,2.351900100708008,2.351900100708008,2.351900100708008,2.351900100708008,0
2026-02-27,2.3545000553131104,2.3545000553131104,2.3545000553131104,2.3545000553131104,0
2026-03-02,2.334199905395508,2.334199905395508,2.334199905395508,2.334199905395508,0
2026-03-03,2.2646000385284424,2.2646000385284424,2.2646000385284424,2.2646000385284424,0
2026-03-04,2.235100030899048,2.235100030899048,2.235100030899048,2.235100030899048,0
2026-03-05,2.274199962615967,2.274199962615967,2.274199962615967,2.274199962615967,0
2026-03-06,2.219399929046631,2.219399929046631,2.219399929046631,2.219399929046631,0
2026-03-09,2.156899929046631,2.156899929046631,2.156899929046631,2.156899929046631,0
2026-03-10,2.205199956893921,2.205199956893921,2.205199956893921,2.205199956893921,0
2026-03-11,2.2040998935699463,2.2040998935699463,2.2040998935699463,2.2040998935699463,0
2026-03-12,2.194999933242798,2.194999933242798,2.194999933242798,2.194999933242798,0
2026-03-13,2.1877999305725098,2.1877999305725098,2.1877999305725098,2.1877999305725098,0
2026-03-16,2.1770999431610107,2.1770999431610107,2.1770999431610107,2.1770999431610107,0
2026-03-17,2.1798999309539795,2.1798999309539795,2.1798999309539795,2.1798999309539795,0
2026-03-18,2.2093000411987305,2.2093000411987305,2.2093000411987305,2.2093000411987305,0
2026-03-19,2.1465001106262207,2.1465001106262207,2.1465001106262207,2.1465001106262207,0
2026-03-20,2.145699977874756,2.145699977874756,2.145699977874756,2.145699977874756,0
2026-03-23,2.1245999336242676,2.1245999336242676,2.1245999336242676,2.1245999336242676,0
2026-03-24,2.1278998851776123,2.1278998851776123,2.1278998851776123,2.1278998851776123,0
2026-03-25,2.1765999794006348,2.1765999794006348,2.1765999794006348,2.1765999794006348,0
2026-03-26,2.1417999267578125,2.1417999267578125,2.1417999267578125,2.1417999267578125,0
2026-03-27,2.1321001052856445,2.1321001052856445,2.1321001052856445,2.1321001052856445,0
2026-03-30,2.1461000442504883,2.1461000442504883,2.1461000442504883,2.1461000442504883,0
2026-03-31,2.1333999633789062,2.1333999633789062,2.1333999633789062,2.1333999633789062,0
2026-04-01,2.203900098800659,2.203900098800659,2.203900098800659,2.203900098800659,0
2026-04-02,2.183500051498413,2.183500051498413,2.183500051498413,2.183500051498413,0
2026-04-07,2.20770001411438,2.20770001411438,2.20770001411438,2.20770001411438,0
2026-04-08,2.255500078201294,2.255500078201294,2.255500078201294,2.255500078201294,0
2026-04-09,2.2555999755859375,2.2555999755859375,2.2555999755859375,2.2555999755859375,0
2026-04-10,2.2792000770568848,2.2792000770568848,2.2792000770568848,2.2792000770568848,0
2026-04-13,2.2716000080108643,2.2716000080108643,2.2716000080108643,2.2716000080108643,0
2026-04-14,2.282099962234497,2.282099962234497,2.282099962234497,2.282099962234497,0
2026-04-15,2.289299964904785,2.289299964904785,2.289299964904785,2.289299964904785,0
2026-04-16,2.3018999099731445,2.3018999099731445,2.3018999099731445,2.3018999099731445,0
2026-04-17,2.296099901199341,2.296099901199341,2.296099901199341,2.296099901199341,0
2026-04-20,2.2981998920440674,2.2981998920440674,2.2981998920440674,2.2981998920440674,0
2026-04-21,2.3224000930786133,2.3224000930786133,2.3224000930786133,2.3224000930786133,0
2026-04-22,2.297800064086914,2.297800064086914,2.297800064086914,2.297800064086914,0
2026-04-23,2.301300048828125,2.301300048828125,2.301300048828125,2.301300048828125,0
2026-04-24,2.2864999771118164,2.2864999771118164,2.2864999771118164,2.2864999771118164,0
2026-04-27,2.2923998832702637,2.2923998832702637,2.2923998832702637,2.2923998832702637,0
2026-04-28,2.2885000705718994,2.2885000705718994,2.2885000705718994,2.2885000705718994,0
2026-04-29,2.285799980163574,2.285799980163574,2.285799980163574,2.285799980163574,0
2026-04-30,2.2744998931884766,2.2744998931884766,2.2744998931884766,2.2744998931884766,0
2026-05-01,2.2860000133514404,2.2860000133514404,2.2860000133514404,2.2860000133514404,0
2026-05-05,2.3092000484466553,2.3092000484466553,2.3092000484466553,2.3092000484466553,0
2026-05-06,2.3743999004364014,2.3743999004364014,2.3743999004364014,2.3743999004364014,0
2026-05-07,2.375999927520752,2.375999927520752,2.375999927520752,2.375999927520752,0
2026-05-08,2.3529000282287598,2.3529000282287598,2.3529000282287598,2.3529000282287598,0
2026-05-11,2.368299961090088,2.368299961090088,2.368299961090088,2.368299961090088,0
2026-05-12,2.373800039291382,2.373800039291382,2.373800039291382,2.373800039291382,0
2026-05-13,2.3910000324249268,2.3910000324249268,2.3910000324249268,2.3910000324249268,0
2026-05-14,2.417099952697754,2.417099952697754,2.417099952697754,2.417099952697754,0
2026-05-15,2.377500057220459,2.377500057220459,2.377500057220459,2.377500057220459,0
2026-05-18,2.3726999759674072,2.3726999759674072,2.3726999759674072,2.3726999759674072,0
2026-05-19,2.3585000038146973,2.3585000038146973,2.3585000038146973,2.3585000038146973,0
2026-05-20,2.3529999256134033,2.3529999256134033,2.3529999256134033,2.3529999256134033,0
2026-05-21,2.3768999576568604,2.3768999576568604,2.3768999576568604,2.3768999576568604,0
2026-05-22,2.4017999172210693,2.4017999172210693,2.4017999172210693,2.4017999172210693,0
2026-05-26,2.424099922180176,2.424099922180176,2.424099922180176,2.424099922180176,0
2026-05-27,2.4351999759674072,2.4351999759674072,2.4351999759674072,2.4351999759674072,0
2026-05-28,2.412600040435791,2.412600040435791,2.412600040435791,2.412600040435791,0
2026-05-29,2.43969988822937,2.43969988822937,2.43969988822937,2.43969988822937,0
2026-06-01,2.4528000354766846,2.4528000354766846,2.4528000354766846,2.4528000354766846,0
2026-06-02,2.4649999141693115,2.4649999141693115,2.4649999141693115,2.4649999141693115,0
2026-06-03,2.4869000911712646,2.4869000911712646,2.4869000911712646,2.4869000911712646,0
2026-06-04,2.4398000240325928,2.4398000240325928,2.4398000240325928,2.4398000240325928,0
2026-06-05,2.43179988861084,2.43179988861084,2.43179988861084,2.43179988861084,0
2026-06-08,2.382200002670288,2.382200002670288,2.382200002670288,2.382200002670288,0
2026-06-09,2.4031999111175537,2.4031999111175537,2.4031999111175537,2.4031999111175537,0
2026-06-10,2.334700107574463,2.334700107574463,2.334700107574463,2.334700107574463,0
2026-06-11,2.352400064468384,2.352400064468384,2.352400064468384,2.352400064468384,0
2026-06-12,2.4030001163482666,2.4030001163482666,2.4030001163482666,2.4030001163482666,0
2026-06-15,2.4583001136779785,2.4583001136779785,2.4583001136779785,2.4583001136779785,0
2026-06-16,2.463099956512451,2.463099956512451,2.463099956512451,2.463099956512451,0
2026-06-17,2.4628000259399414,2.4628000259399414,2.4628000259399414,2.4628000259399414,0
2026-06-18,2.476099967956543,2.476099967956543,2.476099967956543,2.476099967956543,0
2026-06-22,2.4674999713897705,2.4674999713897705,2.4674999713897705,2.4674999713897705,0
2026-06-23,2.405600070953369,2.405600070953369,2.405600070953369,2.405600070953369,0
2026-06-24,2.4217000007629395,2.4217000007629395,2.4217000007629395,2.4217000007629395,0
2026-06-25,2.4354000091552734,2.4354000091552734,2.4354000091552734,2.4354000091552734,0
2026-06-26,2.3889000415802,2.3889000415802,2.3889000415802,2.3889000415802,0
2026-06-29,2.3938000202178955,2.3938000202178955,2.3938000202178955,2.3938000202178955,0
2026-06-30,2.398099899291992,2.398099899291992,2.398099899291992,2.398099899291992,0
2026-07-01,2.3773999214172363,2.3773999214172363,2.3773999214172363,2.3773999214172363,0
2026-07-02,2.346100091934204,2.346100091934204,2.346100091934204,2.346100091934204,0
2026-07-06,2.3921000957489014,2.3921000957489014,2.3921000957489014,2.3921000957489014,0
2026-07-07,2.3645999431610107,2.3645999431610107,2.3645999431610107,2.3645999431610107,0
2026-07-08,2.316999912261963,2.316999912261963,2.316999912261963,2.316999912261963,0
2026-07-09,2.314300060272217,2.314300060272217,2.314300060272217,2.314300060272217,0
2026-07-10,2.345400094985962,2.345400094985962,2.345400094985962,2.345400094985962,0
2026-07-13,2.3345000743865967,2.3345000743865967,2.3345000743865967,2.3345000743865967,0
2026-07-14,2.3345999717712402,2.3345999717712402,2.3345999717712402,2.3345999717712402,0
2026-07-15,2.355600118637085,2.355600118637085,2.355600118637085,2.355600118637085,0
2026-07-16,2.319499969482422,2.319499969482422,2.319499969482422,2.319499969482422,0
2026-07-17,2.3029000759124756,2.3029000759124756,2.3029000759124756,2.3029000759124756,0
2026-07-20,2.3087000846862793,0.0,0.0,0.0,0
2026-07-21,2.3348000049591064,0.0,0.0,0.0,0
2026-07-22,2.361299991607666,0.0,0.0,0.0,0
2026-07-23,2.3798999786376953,0.0,0.0,0.0,0
2026-07-24,2.3738999366760254,0.0,0.0,0.0,0
2026-07-27,2.389400005340576,0.0,0.0,0.0,0
2026-07-28,2.3482000827789307,0.0,0.0,0.0,0
2026-07-29,2.349299907684326,0.0,0.0,0.0,0
2026-07-30,2.33870005607605,0.0,0.0,0.0,0
2026-07-31,2.394200086593628,0.0,0.0,0.0,0
